{
  "suite": "basic",
  "provider": "pipeline",
  "provider_tier": "storage",
  "timestamp": "2026-04-14T06:27:07.669683+00:00",
  "metrics": {
    "recall_precision": 0.11000000000000001,
    "recall_hit_rate": 1.0,
    "recall_mrr": 1.0,
    "recall_ndcg": 1.0,
    "retain_latency_p50_ms": 359.3699230000027,
    "retain_latency_p95_ms": 1403.4747027500002,
    "recall_latency_p50_ms": 321.98073050000175,
    "recall_latency_p95_ms": 407.21400460000075,
    "total_tokens_used": 439,
    "total_duration_seconds": 10.645855812,
    "reflect_accuracy": 0.5,
    "reflect_completeness": null,
    "reflect_hallucination_rate": null,
    "reflect_latency_p50_ms": 1065.8893589999998,
    "reflect_latency_p95_ms": 1882.9424942999997
  },
  "config_snapshot": {
    "judge": "keyword"
  }
}