{
  "suite": "accuracy",
  "provider": "pipeline",
  "provider_tier": "storage",
  "timestamp": "2026-04-08T15:05:09.216522+00:00",
  "metrics": {
    "recall_precision": 0.26666666666666666,
    "recall_hit_rate": 1.0,
    "recall_mrr": 0.7777777777777778,
    "recall_ndcg": 0.8063944574157986,
    "retain_latency_p50_ms": 1377.2959830000104,
    "retain_latency_p95_ms": 2730.974869200002,
    "recall_latency_p50_ms": 216.59607200001574,
    "recall_latency_p95_ms": 604.8758112000028,
    "total_tokens_used": 4783,
    "total_duration_seconds": 39.937868614000024,
    "reflect_accuracy": 0.9375,
    "reflect_completeness": null,
    "reflect_hallucination_rate": null,
    "reflect_latency_p50_ms": 2704.7103685000025,
    "reflect_latency_p95_ms": 6092.738847499977
  },
  "config_snapshot": {
    "judge": "keyword"
  }
}