{
  "suite": "basic",
  "provider": "pipeline",
  "provider_tier": "storage",
  "timestamp": "2026-04-26T06:55:50.037669+00:00",
  "metrics": {
    "recall_precision": 0.11000000000000001,
    "recall_hit_rate": 1.0,
    "recall_mrr": 0.9333333333333333,
    "recall_ndcg": 0.9377215315338049,
    "retain_latency_p50_ms": 259.58150399999624,
    "retain_latency_p95_ms": 1127.1563225499974,
    "recall_latency_p50_ms": 176.03461249999697,
    "recall_latency_p95_ms": 282.715228900001,
    "total_tokens_used": 842,
    "total_duration_seconds": 8.335028874999992,
    "reflect_accuracy": 1.0,
    "reflect_completeness": null,
    "reflect_hallucination_rate": null,
    "reflect_latency_p50_ms": 982.1199879999938,
    "reflect_latency_p95_ms": 1105.1743563999935
  },
  "config_snapshot": {
    "judge": "keyword"
  }
}