{
  "suite": "basic",
  "provider": "pipeline",
  "provider_tier": "storage",
  "timestamp": "2026-04-15T06:28:56.282279+00:00",
  "metrics": {
    "recall_precision": 0.11000000000000001,
    "recall_hit_rate": 1.0,
    "recall_mrr": 1.0,
    "recall_ndcg": 1.0,
    "retain_latency_p50_ms": 505.5870409999983,
    "retain_latency_p95_ms": 1542.2759875500005,
    "recall_latency_p50_ms": 210.3357955000007,
    "recall_latency_p95_ms": 1280.2365210499993,
    "total_tokens_used": 416,
    "total_duration_seconds": 12.817623927999996,
    "reflect_accuracy": 0.5,
    "reflect_completeness": null,
    "reflect_hallucination_rate": null,
    "reflect_latency_p50_ms": 1001.4741459999997,
    "reflect_latency_p95_ms": 1413.8817120999988
  },
  "config_snapshot": {
    "judge": "keyword"
  }
}