{
  "suite": "basic",
  "provider": "pipeline",
  "provider_tier": "storage",
  "timestamp": "2026-04-25T06:16:39.872815+00:00",
  "metrics": {
    "recall_precision": 0.11000000000000001,
    "recall_hit_rate": 1.0,
    "recall_mrr": 0.9333333333333333,
    "recall_ndcg": 0.9377215315338049,
    "retain_latency_p50_ms": 442.2434405000004,
    "retain_latency_p95_ms": 1945.6768421499962,
    "recall_latency_p50_ms": 159.3696795000028,
    "recall_latency_p95_ms": 776.1942360500002,
    "total_tokens_used": 841,
    "total_duration_seconds": 13.30376999,
    "reflect_accuracy": 1.0,
    "reflect_completeness": null,
    "reflect_hallucination_rate": null,
    "reflect_latency_p50_ms": 1454.4239364999994,
    "reflect_latency_p95_ms": 1556.6270432500005
  },
  "config_snapshot": {
    "judge": "keyword"
  }
}