{
  "suite": "basic",
  "provider": "pipeline",
  "provider_tier": "storage",
  "timestamp": "2026-04-29T07:17:18.631714+00:00",
  "metrics": {
    "recall_precision": 0.11000000000000001,
    "recall_hit_rate": 1.0,
    "recall_mrr": 0.9333333333333333,
    "recall_ndcg": 0.9331554629583623,
    "retain_latency_p50_ms": 379.2955739999968,
    "retain_latency_p95_ms": 1611.8878885000267,
    "recall_latency_p50_ms": 941.5815374999852,
    "recall_latency_p95_ms": 2970.1895955000136,
    "total_tokens_used": 6983,
    "total_duration_seconds": 24.428140798000015,
    "reflect_accuracy": 1.0,
    "reflect_completeness": null,
    "reflect_hallucination_rate": null,
    "reflect_latency_p50_ms": 2777.335355499986,
    "reflect_latency_p95_ms": 3362.3366186499593
  },
  "config_snapshot": {
    "judge": "keyword"
  }
}