{
  "suite": "basic",
  "provider": "pipeline",
  "provider_tier": "storage",
  "timestamp": "2026-04-17T06:52:46.843398+00:00",
  "metrics": {
    "recall_precision": 0.11000000000000001,
    "recall_hit_rate": 1.0,
    "recall_mrr": 1.0,
    "recall_ndcg": 1.0,
    "retain_latency_p50_ms": 377.36409549999905,
    "retain_latency_p95_ms": 1784.7147342999997,
    "recall_latency_p50_ms": 177.79695799999828,
    "recall_latency_p95_ms": 465.2763185999998,
    "total_tokens_used": 424,
    "total_duration_seconds": 10.753010141,
    "reflect_accuracy": 0.5,
    "reflect_completeness": null,
    "reflect_hallucination_rate": null,
    "reflect_latency_p50_ms": 851.9149195000005,
    "reflect_latency_p95_ms": 1473.84648205
  },
  "config_snapshot": {
    "judge": "keyword"
  }
}