{
  "suite": "basic",
  "provider": "pipeline",
  "provider_tier": "storage",
  "timestamp": "2026-04-13T07:10:28.156852+00:00",
  "metrics": {
    "recall_precision": 0.11000000000000001,
    "recall_hit_rate": 1.0,
    "recall_mrr": 1.0,
    "recall_ndcg": 1.0,
    "retain_latency_p50_ms": 392.3073400000021,
    "retain_latency_p95_ms": 1420.1977482999978,
    "recall_latency_p50_ms": 174.8795199999975,
    "recall_latency_p95_ms": 493.8287313499968,
    "total_tokens_used": 432,
    "total_duration_seconds": 10.504009726999996,
    "reflect_accuracy": 0.5,
    "reflect_completeness": null,
    "reflect_hallucination_rate": null,
    "reflect_latency_p50_ms": 904.5808529999988,
    "reflect_latency_p95_ms": 1121.6243607000001
  },
  "config_snapshot": {
    "judge": "keyword"
  }
}