{
  "suite": "basic",
  "provider": "pipeline",
  "provider_tier": "storage",
  "timestamp": "2026-04-19T06:25:43.978619+00:00",
  "metrics": {
    "recall_precision": 0.11000000000000001,
    "recall_hit_rate": 1.0,
    "recall_mrr": 1.0,
    "recall_ndcg": 1.0,
    "retain_latency_p50_ms": 471.5010405000015,
    "retain_latency_p95_ms": 1386.3800779499993,
    "recall_latency_p50_ms": 261.17582250000027,
    "recall_latency_p95_ms": 2007.4651045499952,
    "total_tokens_used": 424,
    "total_duration_seconds": 14.403400976,
    "reflect_accuracy": 0.5,
    "reflect_completeness": null,
    "reflect_hallucination_rate": null,
    "reflect_latency_p50_ms": 1180.478894,
    "reflect_latency_p95_ms": 2030.1949534999999
  },
  "config_snapshot": {
    "judge": "keyword"
  }
}